{
    "avg_latency": 22.7147180987522,
    "latencies": [
        22.674747708952054,
        22.716761188115925,
        22.683501278050244,
        22.669025163864717,
        22.69096709182486,
        22.7402350329794,
        22.732040097005665,
        22.71290236385539,
        22.73358530504629,
        22.692582248011604,
        22.73474657908082,
        22.736568459076807,
        22.706704311072826,
        22.707736771088094,
        22.727231508819386,
        22.697982411831617,
        22.71738876006566,
        22.709383002948016,
        22.717966601951048,
        22.7180622771848,
        22.717843123013154,
        22.71506386413239,
        22.707614886108786,
        22.75798331387341,
        22.69584490195848,
        22.71665054699406,
        22.721867763902992,
        22.72001362987794,
        22.711252929875627,
        22.757289842003956
    ],
    "percentiles": {
        "10": 22.690220510447396,
        "25": 22.706931954831816,
        "50": 22.716705867554992,
        "75": 22.725890572590288,
        "90": 22.736935116467066,
        "99": 22.75778220703127
    }
}