{
    "avg_latency": 20.09147283191948,
    "latencies": [
        20.090042098192498,
        20.091832370962948,
        20.090615038061514,
        20.090914106927812,
        20.09726257598959,
        20.092812109040096,
        20.090372500941157,
        20.086841465206817,
        20.092834777897224,
        20.09528272692114,
        20.09398788306862,
        20.094705517869443,
        20.094889292959124,
        20.091187982819974,
        20.09196934220381,
        20.09074455895461,
        20.087482018163428,
        20.092361198039725,
        20.092004989972338,
        20.089247282827273,
        20.089495651889592,
        20.089012837037444,
        20.092113617109135,
        20.089095098897815,
        20.090238492935896,
        20.092735478188843,
        20.088444649009034,
        20.08888973481953,
        20.09384144982323,
        20.0929281108547
    ],
    "percentiles": {
        "10": 20.088845226238483,
        "25": 20.08963226346532,
        "50": 20.09151017689146,
        "75": 20.092829110682942,
        "90": 20.09472389537841,
        "99": 20.09668841975974
    }
}