{
    "avg_latency": 165.16448504364428,
    "latencies": [
        164.48865642794408,
        164.74506030604243,
        164.61389682302251,
        164.71749446797185,
        164.78821175196208,
        164.90426186216064,
        164.69515071995556,
        164.98796311113983,
        165.19156716484576,
        164.73180275107734,
        164.79364218888804,
        164.585158506874,
        164.9071249740664,
        164.64026637910865,
        164.5650225149002,
        164.37534007104114,
        166.02621785993688,
        165.5155644810293,
        165.52416831697337,
        165.34408532991074,
        165.4745962722227,
        165.41717505804263,
        165.65032735094428,
        165.55646005203016,
        165.9534274090547,
        165.55452475114726,
        165.443790653022,
        165.7091606829781,
        165.95168929593638,
        166.08274377509952
    ],
    "percentiles": {
        "10": 164.58314490767663,
        "25": 164.72107153874822,
        "50": 165.0897651379928,
        "75": 165.54693564260378,
        "90": 165.95186310724822,
        "99": 166.06635125970234
    }
}