{
    "avg_latency": 36.10957717688289,
    "latencies": [
        36.07568829297088,
        36.125251352088526,
        36.07024429203011,
        36.0627952220384,
        36.08875251188874,
        36.0905921489466,
        36.10781816300005,
        36.091695677954704,
        36.095800128998235,
        36.10653393296525,
        36.08225714485161,
        36.15070193307474,
        36.14615798997693,
        36.143052936997265,
        36.131540060043335,
        36.10715779103339,
        36.12590108602308,
        36.13182338303886,
        36.124262830009684,
        36.122768939938396,
        36.118164068087935,
        36.099679277976975,
        36.15001825499348,
        36.11471936409362,
        36.13820350612514,
        36.10184186208062,
        36.082753860158846,
        36.10961171798408,
        36.092741802101955,
        36.09878577501513
    ],
    "percentiles": {
        "10": 36.08160025966354,
        "25": 36.091957208991516,
        "50": 36.10748797701672,
        "75": 36.12573865253944,
        "90": 36.14336344229523,
        "99": 36.15050366643118
    }
}