{
    "avg_latency": 81.4945376963665,
    "latencies": [
        81.77978283795528,
        81.78358837217093,
        82.17098076990806,
        81.96115137008019,
        81.7926140180789,
        81.77478771586902,
        81.68611804000102,
        81.57499364297837,
        81.51398893119767,
        81.46788347000256,
        81.44152319501154,
        81.42796834395267,
        81.42837763787247,
        81.3808931701351,
        81.36055010603741,
        81.36467646388337,
        81.37366093508899,
        81.36644231993705,
        81.35539270099252,
        81.34953476907685,
        81.35583169711754,
        81.35483472095802,
        81.34024322102778,
        81.34531268593855,
        81.34819709998555,
        81.34071987494826,
        81.35261742700823,
        81.34786953683943,
        81.34274842892773,
        81.3528473880142
    ],
    "percentiles": {
        "10": 81.34505626023747,
        "25": 81.35267491725972,
        "50": 81.37005162751302,
        "75": 81.5597424650332,
        "90": 81.78449093676173,
        "99": 82.11013024395797
    }
}