{
    "avg_latency": 48.963208717262994,
    "latencies": [
        48.84631061903201,
        48.89658255898394,
        48.87564542493783,
        48.92048099311069,
        48.93850925308652,
        48.87626882200129,
        48.964167359052226,
        48.980725021101534,
        48.844551648013294,
        48.93027273588814,
        48.97738189715892,
        48.93549071997404,
        48.84837139490992,
        48.898866198025644,
        48.90500983502716,
        48.94214495597407,
        48.96667638490908,
        49.04055243404582,
        48.954278385965154,
        48.98240170395002,
        49.009666576981544,
        49.048415241064504,
        49.050161133985966,
        49.01456385408528,
        48.992943417979404,
        49.05457627912983,
        49.050604045856744,
        49.051234596874565,
        48.98245385591872,
        49.11695417086594
    ],
    "percentiles": {
        "10": 48.872918021935035,
        "25": 48.90887762454804,
        "50": 48.96542187198065,
        "75": 49.01333953480935,
        "90": 49.05066710095853,
        "99": 49.098864582262465
    }
}