{
    "avg_latency": 112.9665665059816,
    "latencies": [
        112.648950062925,
        112.82675057300366,
        112.84958428493701,
        113.05027900100686,
        113.22793879988603,
        113.05032917601056,
        113.37035118299536,
        112.96374737797305,
        112.95868759881705,
        113.08929327083752,
        113.10831952490844,
        113.00067086005583,
        112.92393251298927,
        112.81741924211383,
        113.06020654691383,
        113.11599675100297,
        112.9543128979858,
        113.02828875905834,
        113.11146961478516,
        113.09906703000888,
        112.84008992300369,
        112.88630059291609,
        112.95070290821604,
        112.98464078595862,
        112.88801971799694,
        112.66090413695201,
        112.70765490294434,
        112.9142704741098,
        113.0173708400689,
        112.89144582906738
    ],
    "percentiles": {
        "10": 112.80644280819688,
        "25": 112.8867303741863,
        "50": 112.96121748839505,
        "75": 113.05773720418802,
        "90": 113.11192232840695,
        "99": 113.32905159189366
    }
}