{
    "avg_latency": 9.474876879823084,
    "latencies": [
        9.438168269116431,
        9.499797474127263,
        9.464617643039674,
        9.491869317833334,
        9.454627556959167,
        9.468290425138548,
        9.495646781055257,
        9.454397808993235,
        9.462460034061223,
        9.500007269904017,
        9.430737142916769,
        9.491554829059169,
        9.50023348396644,
        9.460258893901482,
        9.495307364035398,
        9.471052556997165,
        9.461205258965492,
        9.470473784953356,
        9.459902956848964,
        9.459991220850497,
        9.469036275986582,
        9.490573564078659,
        9.4555852310732,
        9.495904949028045,
        9.496275931829587,
        9.493227382889017,
        9.495225748978555,
        9.460709218867123,
        9.494254300137982,
        9.464913719100878
    ],
    "percentiles": {
        "10": 9.454604582162574,
        "25": 9.460371475142892,
        "50": 9.469755030469969,
        "75": 9.494982886768412,
        "90": 9.496628086059355,
        "99": 9.500167881888338
    }
}