{
    "avg_latency": 281.94953375984915,
    "latencies": [
        275.980785332853,
        275.7910815330688,
        276.26157143502496,
        274.7729229850229,
        275.5493158882018,
        276.24234608281404,
        276.0074678440578,
        276.17765216808766,
        276.3326491729822,
        277.9936408321373,
        277.76118807005696,
        278.52921953005716,
        279.5393217380624,
        279.3456981878262,
        279.08579953899607,
        279.0983115059789,
        282.04036749410443,
        282.7149581189733,
        281.81847973098047,
        282.13996850000694,
        283.3034269930795,
        284.67029509693384,
        286.09245914407074,
        289.1895013449248,
        291.49583104997873,
        290.0765010230243,
        290.2432679871563,
        291.35932828998193,
        292.9252849551849,
        295.94737122184597
    ],
    "percentiles": {
        "10": 275.96181495287453,
        "25": 276.2793408695143,
        "50": 279.4425099629443,
        "75": 285.7369181322865,
        "90": 291.3729785659816,
        "99": 295.07096620451426
    }
}