{
    "avg_latency": 8.7705586800895,
    "latencies": [
        8.780255852965638,
        8.779989392962307,
        8.776795011013746,
        8.780423662858084,
        8.779031652957201,
        8.7475220838096,
        8.778558708028868,
        8.77895835484378,
        8.781523349927738,
        8.7762623031158,
        8.767901076003909,
        8.77875306806527,
        8.772835403913632,
        8.745260769035667,
        8.781252614920959,
        8.775432846974581,
        8.780499380081892,
        8.777714490192011,
        8.782561206957325,
        8.737225803080946,
        8.743701376020908,
        8.752077746205032,
        8.769109438871965,
        8.749356833053753,
        8.7802689159289,
        8.77849144488573,
        8.783996128942817,
        8.745611228048801,
        8.778514069039375,
        8.776876189978793
    ],
    "percentiles": {
        "10": 8.745576182147488,
        "25": 8.768203166720923,
        "50": 8.77810296753887,
        "75": 8.780189237964805,
        "90": 8.781279688421638,
        "99": 8.783580001567024
    }
}