{
    "avg_latency": 11.063447491964325,
    "latencies": [
        11.137992586009204,
        11.133639256004244,
        11.141475046984851,
        11.143422003136948,
        10.94912198302336,
        11.033379899105057,
        11.152892804006115,
        10.9880376229994,
        11.00873314589262,
        11.140534135978669,
        11.111438889056444,
        11.16914766607806,
        11.003057165071368,
        11.107613733969629,
        10.990686057833955,
        11.018677453976125,
        11.1627138229087,
        10.978978130966425,
        10.98943214607425,
        10.978970970958471,
        11.122987147886306,
        10.967999106040224,
        10.987519826972857,
        11.176185484975576,
        10.987728338921443,
        10.981550778029487,
        11.143183496082202,
        11.188969900133088,
        11.02797367493622,
        10.97938248491846
    ],
    "percentiles": {
        "10": 10.97897741496563,
        "25": 10.987805659940932,
        "50": 11.030676787020639,
        "75": 11.141239819233306,
        "90": 11.163357207225635,
        "99": 11.185262419737409
    }
}