{
    "avg_latency": 89.01493184734912,
    "latencies": [
        89.26602434087545,
        88.82398915477097,
        88.7964452020824,
        88.80121246399358,
        88.82400367804803,
        88.72739139501937,
        88.80483674095012,
        88.76270668604411,
        88.73753333790228,
        88.83120952593163,
        88.85080970986746,
        88.76030775113031,
        88.75306625803933,
        88.75735321897082,
        88.66640465892851,
        88.66925920010544,
        89.24118186417036,
        89.25747976987623,
        89.27379303099588,
        89.2252037639264,
        89.38974145101383,
        89.19915603310801,
        89.27239323710091,
        89.25311909383163,
        89.08397543383762,
        89.13729074597359,
        89.20392188592814,
        89.33367623994127,
        89.60573814809322,
        89.1387314000167
    ],
    "percentiles": {
        "10": 88.73651914361399,
        "25": 88.77114131505368,
        "50": 88.96739257185254,
        "75": 89.25013478641631,
        "90": 89.27978135189042,
        "99": 89.5430991059402
    }
}