{
    "avg_latency": 19.50566693204455,
    "latencies": [
        19.460431921994314,
        19.432411158224568,
        19.53147436492145,
        19.44875949807465,
        19.545849412912503,
        19.543303618906066,
        19.53553748712875,
        19.538843465968966,
        19.441845250083134,
        19.54137706803158,
        19.55243263207376,
        19.537979682907462,
        19.438281282782555,
        19.46019497793168,
        19.546249069971964,
        19.55066127097234,
        19.544573253020644,
        19.54041306814179,
        19.44036110304296,
        19.55235185008496,
        19.45517366891727,
        19.54719930002466,
        19.556691894074902,
        19.571061396040022,
        19.55776360305026,
        19.455135704018176,
        19.535634288098663,
        19.56566486787051,
        19.36902648000978,
        19.37332532205619
    ],
    "percentiles": {
        "10": 19.437694270326755,
        "25": 19.45514519524295,
        "50": 19.538411574438214,
        "75": 19.546961742511485,
        "90": 19.556799064972438,
        "99": 19.569496402870865
    }
}