{
    "avg_latency": 17.673155385574017,
    "latencies": [
        17.689611898967996,
        17.712834181031212,
        17.67325441702269,
        17.693348685046658,
        17.694972310913727,
        17.707919511944056,
        17.689383411081508,
        17.697532661957666,
        17.693708200939,
        17.68930682586506,
        17.719725064001977,
        17.643747539957985,
        17.676219265908003,
        17.65346462908201,
        17.646969637135044,
        17.67496410990134,
        17.64891186915338,
        17.652979071019217,
        17.646449052961543,
        17.68247714615427,
        17.680240422021598,
        17.657077107112855,
        17.64312418992631,
        17.643658844055608,
        17.671608425909653,
        17.651201237924397,
        17.670377117116004,
        17.679288167972118,
        17.643189871916547,
        17.667116693221033
    ],
    "percentiles": {
        "10": 17.643738670367746,
        "25": 17.651645696198102,
        "50": 17.674109263462014,
        "75": 17.689554776996374,
        "90": 17.698571346956307,
        "99": 17.717726707940457
    }
}