{
    "avg_latency": 41.51413452911656,
    "latencies": [
        41.43643260002136,
        41.52139901788905,
        41.48995941202156,
        41.58242286602035,
        41.53135187900625,
        41.54412112780847,
        41.449150278931484,
        41.54736044281162,
        41.49442932079546,
        41.46633224701509,
        41.44863012689166,
        41.544900709996,
        41.505077469861135,
        41.54740654001944,
        41.52014255709946,
        41.51766037102789,
        41.574942203005776,
        41.51641253614798,
        41.535545693011954,
        41.44912128895521,
        41.468480951851234,
        41.53445741394535,
        41.422019431134686,
        41.57335533504374,
        41.454106766032055,
        41.56918135005981,
        41.55920816003345,
        41.56873225909658,
        41.54089918592945,
        41.51079633203335
    ],
    "percentiles": {
        "10": 41.449072172748856,
        "25": 41.473850566893816,
        "50": 41.52077078749426,
        "75": 41.54674550960772,
        "90": 41.5695987485582,
        "99": 41.580253473746126
    }
}