{
    "avg_latency": 75.61601287536323,
    "latencies": [
        75.49865683796816,
        75.58917400985956,
        75.5030236528255,
        76.4497245149687,
        75.61731011210941,
        75.57821631105617,
        75.65725433011539,
        75.5707425060682,
        75.61133143096231,
        75.62910193786956,
        75.6193068139255,
        75.63004544004798,
        75.63051468809135,
        75.59655842301436,
        75.58690088917501,
        75.61598167009652,
        75.58795792213641,
        75.57882472593337,
        75.56757322186604,
        75.5390617181547,
        75.63890316709876,
        75.5482933819294,
        75.56819296092726,
        75.61961368611082,
        75.5646421618294,
        75.5584233130794,
        75.62364722089842,
        75.5902945289854,
        75.54779647383839,
        75.56331820995547
    ],
    "percentiles": {
        "10": 75.54692299827002,
        "25": 75.56537492683856,
        "50": 75.58856596599799,
        "75": 75.6195369680645,
        "90": 75.63135353599209,
        "99": 76.21990816136123
    }
}