{
    "avg_latency": 164.30496729325193,
    "latencies": [
        164.2831755299121,
        164.26655734307133,
        164.2794511381071,
        164.28981948900037,
        164.2516975000035,
        164.25405029486865,
        164.26690426887944,
        164.6321136110928,
        164.2727863129694,
        164.2822199149523,
        164.29789197118953,
        164.27919562603347,
        164.2773285601288,
        164.28872181707993,
        164.31850378913805,
        164.29396709101275,
        164.2913682181388,
        164.30967409186997,
        164.2657010499388,
        164.30673002195545,
        164.2581407991238,
        164.27807718887925,
        164.60427937516943,
        164.29352331301197,
        164.31196836894378,
        164.2787116621621,
        164.27664113091305,
        164.2901356262155,
        164.26037991489284,
        164.28930377890356
    ],
    "percentiles": {
        "10": 164.26015600331593,
        "25": 164.2737500174553,
        "50": 164.2826977224322,
        "75": 164.29385614651255,
        "90": 164.3126219109632,
        "99": 164.62404168267503
    }
}