{
    "avg_latency": 40.541309212652656,
    "latencies": [
        40.5384265629109,
        40.54938311805017,
        40.5611588479951,
        40.53306393418461,
        40.534903809893876,
        40.5598005768843,
        40.538285380927846,
        40.53611766803078,
        40.53871157299727,
        40.55502731190063,
        40.55047378409654,
        40.537984611000866,
        40.54331242502667,
        40.53651623707265,
        40.539920568000525,
        40.53969271690585,
        40.54407244594768,
        40.54156806389801,
        40.53771671606228,
        40.53838905086741,
        40.54342634300701,
        40.536557686980814,
        40.53841149806976,
        40.534065349027514,
        40.54858715692535,
        40.53452631388791,
        40.532110437052324,
        40.53799767396413,
        40.54348599398509,
        40.53558252402581
    ],
    "percentiles": {
        "10": 40.53448021740187,
        "25": 40.53652659954969,
        "50": 40.53841903049033,
        "75": 40.54347108124057,
        "90": 40.550929136876945,
        "99": 40.56076494937297
    }
}