{
    "avg_latency": 205.35204848886934,
    "latencies": [
        204.23276912001893,
        205.27204169495963,
        204.32080442807637,
        205.91925812512636,
        205.80309853400104,
        206.22978659905493,
        206.1456488298718,
        206.41299207601696,
        206.3900544489734,
        205.79312023101375,
        205.63009886001237,
        205.74013199587353,
        206.09199107298627,
        206.1326467830222,
        206.07803726103157,
        205.16908837202936,
        205.1766974159982,
        205.04508029995486,
        205.1127233230509,
        205.28785694786347,
        205.02946896082722,
        205.00055136997253,
        204.90075527015142,
        204.50407202192582,
        204.7519696680829,
        205.21277161315084,
        205.35400708718225,
        204.8792373109609,
        204.62358728284016,
        204.32110766205005
    ],
    "percentiles": {
        "10": 204.48577558593826,
        "25": 204.9257042951067,
        "50": 205.24240665405523,
        "75": 205.89021822734503,
        "90": 206.1540626067901,
        "99": 206.40634016417434
    }
}