{
    "avg_latency": 10.00715711445082,
    "latencies": [
        9.982420097105205,
        9.984812948852777,
        9.990953037980944,
        10.000267835101113,
        9.998907478991896,
        10.00574087491259,
        10.006354108918458,
        10.010238675866276,
        10.005672537023202,
        10.009745290037245,
        10.00897637102753,
        10.012111077085137,
        10.008524291915819,
        10.009935376932845,
        10.012633861973882,
        10.013704698998481,
        10.011593797011301,
        10.01124108186923,
        10.008489705156535,
        10.009304190985858,
        10.010779544012621,
        10.012408446054906,
        10.012390244985,
        10.014078548876569,
        10.012592796003446,
        10.010156919946894,
        10.009895361959934,
        10.010915650054812,
        10.008863962022588,
        10.011004621861503
    ],
    "percentiles": {
        "10": 9.9981120348908,
        "25": 10.006888007977977,
        "50": 10.00991536944639,
        "75": 10.011505618225783,
        "90": 10.012596902600489,
        "99": 10.013970132411924
    }
}